,0,1,2,3,4,5,6,7,8,9
soft,gray,fiber,sharp,clean,gently,green,butter,skin,bright,soft
representation,resolution,motivation,perception,proportion,indication,transformation,examination,representation,relation,cooperation
bottle,pipe,tomato,butter,apple,water,drink,barrel,bottle,wine,lemon
leadership,academic,representation,motivation,government,independence,commitment,membership,achievement,leadership,cooperation
many,particular,three,among,other,often,majority,certain,many,similarly,plenty
engage,incorporate,help,attract,invest,commit,acknowledge,involved,explore,assist,engage
palm,garden,apple,gently,seed,palm,butter,green,corn,pine,lemon
else,surely,afraid,want,do,everybody,mean,anyone,anymore,pretend,else
push,handle,attach,push,break,lock,reach,move,impose,hold,bend
ground,and,basically,eventually,water,ground,outside,remaining,background,height,surround
normally,significantly,similarly,furthermore,normally,often,certain,necessarily,whereas,equally,basically
only,whereas,because,basically,furthermore,ultimately,merely,nonetheless,normally,necessarily,only
surely,seem,forever,everyone,never,merely,surely,necessarily,absolutely,definitely,nonetheless
show,channel,artistic,catch,surprising,movie,appearance,show,illustrate,event,contest
agenda,objective,notion,progress,commitment,agenda,argument,justice,leadership,debate,priority
cast,play,horror,original,appearance,theater,producer,show,cast,shadow,movie
guideline,review,procedure,objective,assessment,guideline,guide,requirement,information,relevant,standard
winner,participant,penalty,event,competition,title,award,championship,winner,contest,player
cat,ear,coat,tail,ghost,lover,girl,toy,pet,dog,cat
sample,standard,volume,proportion,detailed,experiment,component,test,assessment,analysis,sample
hunter,catch,ghost,destroy,lover,player,tribe,discovery,hunter,desert,creature
penalty,championship,jury,offense,punishment,taxpayer,kick,penalty,ultimately,sanction,criminal
theater,elementary,theater,museum,space,apartment,movie,house,opening,musical,artistic
formula,basically,characteristic,substance,component,objective,experiment,theory,solution,procedure,formula
distinguish,whereas,contain,illustrate,separate,relative,similarly,characteristic,particular,difference,distinguish
component,substance,particular,indication,requirement,characteristic,objective,proportion,transformation,solution,component
pregnancy,disease,child,patient,treatment,depression,pregnant,adolescent,doctor,pregnancy,disorder
knee,painful,snap,kick,ear,chest,stomach,knee,pitch,wound,bend
basically,merely,particular,personally,equally,constantly,because,normally,totally,basically,necessarily
ban,dismiss,repeatedly,punishment,impose,ban,warning,approve,declare,penalty,sanction
doctor,pregnancy,woman,mother,professor,pregnant,counselor,lawyer,doctor,psychologist,patient
detail,relevant,particular,information,background,carefully,illustrate,insight,detail,aspect,detailed
engineer,experiment,electric,technology,company,psychologist,engineer,producer,expert,professor,industrial
space,apartment,normally,height,transformation,surround,frame,creature,space,basically,ground
painting,transformation,collective,particular,artist,experiment,painting,characteristic,background,illustrate,artistic
angle,circle,narrow,frame,angle,horizon,object,bend,height,mount,tail
marketing,information,experience,resource,company,technology,particular,marketing,competitive,effective,transformation
barrel,wooden,stock,steel,angle,pipe,tail,mount,bottle,frame,barrel
piece,wooden,creature,jacket,painting,bottle,detail,aspect,piece,frame,strip
per,extra,depending,thousand,per,ratio,increase,volume,rating,index,increased
wound,patient,painful,victim,ground,blood,wound,chest,tissue,body,stomach
traffic,cable,warning,security,motor,safety,operate,traffic,rail,emission,airport
okay,tomorrow,want,hey,okay,afraid,yeah,mean,pretend,sorry,anymore
part,expansion,involved,province,aspect,proportion,representation,participant,component,consequence,part
assessment,treatment,relation,clinical,guideline,objective,requirement,assessment,indication,analysis,examination
whereas,basically,particular,furthermore,proportion,relative,characteristic,normally,whereas,significantly,similarly
frequent,recent,certain,serious,normally,significantly,particular,frequent,moderate,often,regular
whisper,afraid,shadow,pray,say,ghost,ear,quiet,whisper,quietly,pretend
resolution,action,requirement,relation,transformation,objective,sanction,indication,resolution,representation,solution
thousand,civilian,many,remaining,other,only,more,three,furthermore,thousand,fifty
attract,convince,make,engage,reach,attract,locate,explore,grow,invest,satisfy
drug,suspect,potential,patient,disorder,clinical,disease,criminal,drug,substance,treatment
glad,hey,surely,pretend,afraid,yeah,glad,sad,okay,lucky,sorry
break,trouble,explode,kick,lock,reach,hold,push,break,move,catch
increasing,effective,particular,significantly,proportion,increasing,increase,increased,moderate,relative,reduce
so,anymore,nonetheless,absolutely,definitely,it,surely,so,how,pretty,because
everybody,anymore,basically,because,surely,absolutely,everybody,anyone,everyone,it,definitely
musical,culture,theater,characteristic,elementary,cultural,collective,artist,musical,literary,artistic
channel,expansion,currently,current,transformation,internal,company,component,marketing,cable,channel
sit,drink,fly,hang,sit,sleep,pretend,hold,break,relax,bend
fly,crash,kick,bend,catch,move,fly,sit,explode,reach,hang
analysis,relation,experiment,clinical,transformation,indication,analysis,assessment,component,objective,examination
surprisingly,totally,ultimately,pretty,definitely,because,similarly,surprisingly,surprising,equally,nonetheless
reporter,minister,psychologist,attorney,reporter,senator,spokesman,recently,journal,chief,lawyer
choose,definitely,assume,depend,satisfy,choose,advise,make,want,assign,expect
recent,progress,largely,many,detailed,surprising,significantly,recent,frequent,current,recently
wide,standard,height,cross,increasing,including,small,industrial,narrow,wide,across
skin,butter,face,blood,lip,skin,gently,tissue,body,stomach,soft
accuse,hate,say,commit,testify,dismiss,convince,accuse,suspect,argue,complain
spokesman,professor,leadership,senator,lawyer,attorney,governor,minister,reporter,spokesman,chief
desert,pine,forever,moon,surround,tribe,strange,river,desert,hunter,shore
left,narrow,opposite,upper,wound,remaining,side,remain,left,outside,beside
income,taxpayer,insurance,fund,money,expense,proportion,income,financial,debt,spending
crowd,event,bunch,outside,quietly,surprisingly,anger,pitch,crowd,everyone,everybody
nonetheless,surprising,surely,definitely,surprisingly,because,merely,nonetheless,necessarily,equally,furthermore
athletic,artistic,competition,sport,player,competitive,university,championship,coach,athletic,academic
merely,surely,because,nonetheless,certain,actual,only,not,basically,necessarily,merely
abroad,furthermore,outside,citizen,academic,refugee,abroad,country,university,independence,immigration
reaction,substance,experiment,motivation,reaction,consequence,relation,transformation,perception,indication,action
worried,mean,say,sick,complain,serious,sorry,trouble,afraid,worried,hurt
including,collective,incorporate,representation,relation,other,and,including,educational,contain,industrial
experience,commitment,motivation,knowledge,achievement,perception,experience,satisfaction,experiment,transformation,learning
it,totally,because,basically,nonetheless,so,everybody,definitely,it,surely,everyone
living,learning,wealthy,other,relative,spending,surround,experience,living,apartment,proportion
standard,complicated,guideline,proportion,normally,resolution,standard,component,rating,objective,requirement
elementary,objective,relation,particular,experiment,component,characteristic,educational,transformation,elementary,representation
cultural,transformation,particular,heritage,collective,historic,educational,artistic,culture,intellectual,cultural
proportion,perception,particular,indication,majority,representation,relative,proportion,significantly,consequence,relation
governor,citizen,chief,leadership,Congress,minister,province,attorney,government,senator,governor
historic,representation,destruction,original,industrial,culture,western,museum,cultural,heritage,historic
learning,assessment,technology,resource,academic,transformation,motivation,learning,knowledge,educational,experience
achievement,leadership,educational,objective,representation,satisfaction,achievement,progress,transformation,commitment,motivation
insurance,assessment,retirement,property,income,company,requirement,financial,insurance,expense,assistance
object,particular,circumstance,argument,object,component,actual,aspect,objective,notion,merely
recently,largely,briefly,personally,significantly,eventually,recent,similarly,recently,currently,repeatedly
citizen,taxpayer,civilian,country,criminal,refugee,immigration,participant,government,independence,citizen
anymore,not,everybody,necessarily,anymore,mean,afraid,want,pretend,do,anyone
majority,particular,significantly,moderate,representation,consequence,independence,proportion,remaining,largely,majority
current,indication,increasing,relation,relative,current,depending,currently,particular,internal,potential
sad,strange,worried,lucky,sick,hate,glad,sorry,painful,sad,afraid
anyone,it,surely,everyone,not,anyone,personally,never,everybody,definitely,anymore
wisdom,pray,notion,acknowledge,emotion,surely,meaning,insight,wisdom,God,knowledge
motor,operate,electric,motor,normally,traffic,rail,component,weight,cable,mount
pretty,it,because,totally,seem,absolutely,nonetheless,pretty,definitely,surprisingly,so
separate,particular,normally,internal,individual,incorporate,separate,furthermore,other,distinguish,remaining
circle,upper,horizon,frame,opposite,surround,object,background,shadow,angle,circle
journal,psychologist,economics,discovery,journal,university,literary,examination,academic,review,analysis
fifty,volume,separate,quarter,thousand,many,three,than,only,remaining,fifty
test,correct,clinical,procedure,test,assessment,sample,examination,analysis,experiment,guideline
chief,lawyer,minister,governor,engineer,spokesman,professor,chair,reporter,leadership,chief
cite,assume,say,assign,declare,write,cite,illustrate,dismiss,argue,acknowledge
individual,proportion,personally,requirement,necessarily,participant,objective,collective,certain,particular,individual
jacket,chest,bottle,piece,tail,gray,hat,coat,wear,jacket,uniform
PM,Congress,summit,tomorrow,government,reply,spokesman,prime,minister,PM,morning
academic,clinical,learning,leadership,economics,admission,achievement,educational,intellectual,university,academic
minister,independence,Congress,senator,citizen,chief,spokesman,minister,government,leadership,governor
begin,progress,next,occur,move,help,engage,expect,begin,assist,tomorrow
hi,whisper,pop,thanks,sorry,glad,low,hi,hey,yeah,oh
detailed,insight,guideline,analysis,detailed,information,illustrate,complicated,relevant,review,detail
account,responsible,expense,assessment,participant,membership,individual,address,personally,information,account
regular,individual,internal,separate,routine,normally,regular,frequent,competitive,particular,standard
certain,furthermore,basically,certain,necessarily,normally,individual,other,actual,particular,relevant
necessarily,definitely,actual,because,nonetheless,not,certain,necessarily,normally,basically,merely
address,representation,current,acknowledge,account,address,assessment,assistance,relevant,identity,information
eventually,normally,basically,personally,remaining,and,significantly,consequence,furthermore,ultimately,eventually
expect,say,surprising,choose,necessarily,surely,expect,want,definitely,mean,assume
plenty,certain,besides,nonetheless,surely,everyone,definitely,bunch,extra,many,plenty
house,living,tent,place,neighbor,outside,farm,garden,house,property,apartment
among,cultural,other,similarly,many,majority,relative,and,whereas,among,including
steel,cable,frame,barrel,wooden,carbon,industrial,electric,fiber,pipe,steel
and,cooperation,relative,whereas,and,other,internal,relation,collective,transformation,including
dirt,salt,corn,gently,skin,clean,sink,wash,ground,dirt,water
disorder,emotion,perception,treatment,adolescent,tendency,disease,substance,consequence,depression,disorder
internal,component,relative,indication,transformation,effective,relation,objective,internal,particular,complicated
directly,basically,closely,information,individual,normally,internal,particular,furthermore,directly,personally
furthermore,similarly,necessarily,whereas,normally,consequence,nonetheless,furthermore,ultimately,significantly,particular
woman,neighbor,doctor,pregnant,female,victim,child,mother,woman,girl,lover
seem,assume,surely,definitely,necessarily,mean,expect,nonetheless,not,pretend,seem
educational,learning,transformation,cooperation,cultural,university,representation,motivation,academic,educational,elementary
ultimately,surprisingly,because,personally,equally,significantly,consequence,furthermore,ultimately,eventually,nonetheless
moderate,similarly,characteristic,effective,consequence,proportion,relative,significantly,increasing,particular,moderate
satisfy,impose,certain,depend,make,satisfy,attract,satisfaction,choose,definitely,assume
charity,assistance,achievement,educational,participant,welfare,membership,collective,commitment,charity,fund
invest,venture,borrow,incorporate,marketing,fund,spending,invest,financial,consume,engage
disease,significantly,consequence,substance,health,disease,treatment,depression,clinical,patient,disorder
ie,not,certain,file,actual,assign,normally,correct,depending,ie,necessarily
ethics,guideline,commitment,acknowledge,ethics,knowledge,intellectual,justice,academic,welfare,notion
because,normally,definitely,equally,consequence,necessarily,fact,personally,nonetheless,because,basically
similarly,relative,surprisingly,often,significantly,similarly,whereas,particular,equally,characteristic,normally
pay,attract,expect,income,impose,taxpayer,invest,pay,expense,borrow,money
financial,educational,current,marketing,assessment,potential,insurance,commitment,financial,economics,government
taxpayer,government,insurance,financial,citizen,debt,income,fund,taxpayer,money,expense
afraid,supposed,okay,want,mean,hurt,worried,anymore,sorry,pretend,afraid
museum,artistic,permanent,garden,university,house,painting,historic,theater,heritage,museum
violence,sanction,immigration,depression,criminal,consequence,violence,punishment,abuse,destruction,terrorist
involved,commit,dependent,engage,complicated,participant,responsible,serious,involved,particular,consequence
award,championship,academic,charity,membership,title,competition,contest,winner,award,achievement
draft,retirement,resolution,assessment,Congress,guideline,review,approve,contest,draft,offense
neighbor,uncle,woman,girl,lover,mother,house,neighbor,apartment,brother,outside
want,supposed,afraid,anymore,mean,choose,pretend,expect,do,want,can
title,game,competition,record,contest,appearance,original,winner,award,championship,title
cooperation,generation,indication,immigration,motivation,sanction,representation,relation,commitment,cooperation,transformation
company,competition,solution,cooperation,financial,venture,sector,technology,company,marketing,industrial
apartment,outside,university,airport,space,neighbor,house,property,private,living,apartment
western,industrial,largely,upper,remaining,surround,river,across,western,historic,province
ability,commitment,perception,knowledge,effective,individual,tendency,objective,motivation,potential,ability
tour,venture,play,show,championship,opening,event,tour,theater,museum,summit
rating,relative,requirement,rating,increasing,indication,satisfaction,objective,perception,proportion,assessment
chest,tail,gently,upper,face,ear,body,wound,chest,stomach,knee
miracle,never,it,alive,forever,mystery,miracle,pray,God,wisdom,surely
operate,complicated,locate,operate,reach,cooperation,incorporate,requirement,handle,separate,remaining
currently,indication,competition,competitive,furthermore,representation,remaining,significantly,responsible,currently,current
small,whereas,largely,proportion,normally,surround,separate,narrow,small,particular,moderate
defend,flee,hold,dismiss,declare,convince,argue,commit,impose,destroy,defend
championship,sport,coach,game,record,player,title,championship,contest,winner,competition
move,advance,invest,grow,hold,operate,progress,break,reach,push,move
other,complicated,similarly,many,including,separate,and,certain,individual,other,particular
electric,standard,generation,component,operate,technology,emission,cable,industrial,motor,electric
quote,detail,correct,cite,testimony,detailed,write,reply,quote,prompt,review
narrow,side,angle,height,wide,surround,cross,narrow,small,upper,sharp
wrap,jacket,cover,bend,coat,wash,toss,attach,hang,wrap,snap
commit,invest,involved,sanction,punishment,engage,acknowledge,approve,responsible,commitment,commit
potential,current,furthermore,motivation,consequence,significantly,particular,ability,objective,effective,potential
wine,pepper,salt,dish,lemon,drink,wine,bottle,tomato,meat,apple
destroy,surround,impose,ultimately,flee,convince,destruction,restore,defend,destroy,explode
dispute,ultimately,independence,dispute,argument,complain,union,sanction,circumstance,relation,debate
resource,educational,assessment,technology,knowledge,component,marketing,solution,transformation,information,resource
revolution,immigration,notion,cooperation,consequence,experiment,generation,independence,transformation,revolution,destruction
membership,requirement,competition,cooperation,independence,representation,leadership,membership,participant,admission,commitment
consume,moderate,necessarily,individual,effective,contain,consume,substance,basically,certain,normally
assist,handle,assign,advance,guide,responsible,help,assist,advise,engage,assistance
motivation,representation,achievement,indication,commitment,perception,transformation,objective,motivation,relation,satisfaction
date,admission,actual,sign,detailed,address,relevant,correct,date,guideline,account
than,only,expense,spending,because,significantly,more,consume,whereas,than,complicated
independence,cooperation,sanction,objective,commitment,government,consequence,independence,immigration,revolution,representation
butter,salt,meat,chicken,gently,pepper,tomato,corn,butter,apple,lemon
convince,impose,acknowledge,because,defend,destroy,convince,pretend,assume,argue,declare
warning,pressure,potential,security,complain,consequence,serious,guideline,indication,warning,sanction
debate,prospect,revolution,ethics,notion,argue,contest,argument,debate,dispute,agenda
crash,missile,traffic,victim,airport,crash,flee,explode,fly,rush,bombing
vs,play,player,difference,competitive,vs,game,analysis,versus,rating,ratio
record,progress,record,eventually,quarter,appearance,rating,contest,achievement,competition,championship
hate,say,sorry,hurt,anymore,do,mean,want,pretend,afraid,hate
constantly,internal,because,personally,significantly,furthermore,equally,often,basically,normally,constantly
significantly,increased,relative,similarly,moderate,proportion,consequence,significantly,whereas,furthermore,increasing
drink,meat,pretend,cold,lemon,relax,sleep,consume,bottle,wine,drink
surprising,intense,particular,definitely,complicated,serious,because,nonetheless,strange,surprising,surprisingly
pitch,catch,knee,ground,kick,tone,angle,game,play,pitch,player
reach,advance,engage,push,hold,attract,grow,operate,reach,move,locate
pretend,surely,say,seem,mean,want,assume,afraid,do,anymore,pretend
relative,whereas,significantly,objective,moderate,proportion,relation,consequence,relative,characteristic,particular
discovery,complicated,learning,consequence,recovery,experiment,particular,characteristic,transformation,discovery,knowledge
game,movie,competition,contest,offense,pitch,sport,championship,play,player,game
destruction,reaction,action,transformation,revolution,consequence,expansion,sanction,destruction,relation,indication
uncle,girl,child,lawyer,married,doctor,lover,brother,uncle,neighbor,mother
pine,pepper,garden,surround,gray,apple,corn,green,pine,palm,wooden
body,basically,creature,blood,gently,substance,tissue,skin,stomach,body,weight
prospect,circumstance,surprising,because,surprisingly,ultimately,nonetheless,priority,consequence,prospect,potential
sleep,sick,sit,pregnant,drink,sleep,feeling,relax,stomach,pregnancy,routine
producer,including,venture,marketing,musical,industrial,artist,engineer,company,artistic,producer
notion,transformation,objective,consequence,perception,relation,theory,representation,argument,motivation,notion
creature,emotion,notion,strange,meaning,experiment,creature,characteristic,object,transformation,basically
appearance,significantly,height,representation,opening,similarly,background,competition,characteristic,perception,appearance
lock,hold,button,frame,break,snap,push,attach,mount,handle,lock
trouble,never,because,definitely,everybody,suspect,serious,trouble,worried,afraid,hurt
jury,punishment,dismiss,penalty,justice,criminal,lawyer,testify,jury,testimony,attorney
meaning,notion,perception,objective,knowledge,characteristic,substance,basically,meaning,particular,consequence
degree,experiment,requirement,economics,achievement,degree,admission,examination,professor,university,academic
ear,tone,skin,gently,knee,tail,stomach,chest,ear,whisper,lip
low,significantly,relative,increased,moderate,ratio,small,reduce,increase,increasing,low
gently,body,butter,basically,soft,normally,gently,slowly,constantly,carefully,quietly
Asian,similarly,German,western,competition,country,among,female,Asian,culture,cultural
information,requirement,motivation,relevant,resource,assessment,indication,relation,information,representation,transformation
prompt,assistance,expect,relevant,help,assist,reply,advise,address,prompt,correct
priority,progress,security,guideline,proportion,responsible,requirement,satisfaction,commitment,priority,objective
indication,sanction,requirement,motivation,relation,consequence,assessment,indication,examination,transformation,representation
transformation,solution,generation,cooperation,component,revolution,indication,representation,motivation,transformation,relation
wealthy,citizen,married,money,elite,powerful,living,private,wealthy,income,mother
province,proportion,part,majority,governor,remaining,western,independence,province,government,country
mystery,suspect,miracle,discovery,lover,strange,horror,mystery,ghost,secret,romantic
make,invest,reach,help,choose,handle,satisfy,attract,definitely,make,incorporate
married,psychologist,professor,lawyer,wealthy,married,brother,uncle,born,pregnant,mother
requirement,standard,proportion,component,sanction,solution,guideline,assessment,indication,objective,requirement
forever,absolutely,alive,anymore,everybody,everyone,because,forever,surely,never,definitely
missile,mount,destroy,explode,terrorist,warning,air,civilian,vessel,bombing,missile
examination,experiment,motivation,sanction,transformation,assessment,examination,representation,relation,indication,admission
upper,ground,surround,angle,opposite,whereas,side,narrow,upper,height,western
sector,commitment,company,economics,cooperation,industrial,transformation,government,sector,financial,country
chair,frame,minister,professor,beside,chair,chest,senator,speaker,wooden,chief
pipe,mount,fiber,frame,water,sink,bottle,cable,steel,barrel,pipe
emission,experiment,reaction,generation,resolution,carbon,proportion,requirement,transformation,indication,emission
definitely,surprisingly,basically,everyone,surely,totally,because,necessarily,absolutely,nonetheless,definitely
list,file,information,guideline,relevant,detailed,review,guide,address,list,priority
increase,relative,effective,reduce,expansion,increasing,increased,increase,significantly,proportion,moderate
property,substance,individual,expense,private,insurance,proportion,property,house,apartment,requirement
coat,bottle,red,wear,skin,tail,uniform,hat,gray,coat,jacket
professor,chief,lawyer,doctor,expert,academic,engineer,psychologist,university,economics,professor
era,horror,elite,historic,era,late,revolution,culture,surprisingly,world,largely
pure,basically,meaning,powerful,absolutely,intense,merely,characteristic,flesh,pure,soft
participant,requirement,collective,particular,assessment,membership,participant,competition,representation,objective,individual
lip,chest,soft,skin,button,ear,gently,tail,tone,bottle,lip
lemon,drink,bottle,pepper,butter,salt,chicken,dish,apple,lemon,tomato
reduce,recovery,significantly,depending,consume,moderate,effective,increase,increasing,reduce,increased
background,representation,experiment,complicated,background,knowledge,experience,perception,characteristic,particular,basically
tendency,often,characteristic,proportion,necessarily,depression,notion,tendency,perception,ability,consequence
apart,surround,quietly,place,forth,beside,up,separate,outside,apart,away
mean,because,afraid,want,necessarily,seem,assume,mean,say,expect,pretend
flee,desert,refugee,bombing,explode,die,defend,convince,flee,move,destroy
flesh,pure,skin,alive,stomach,blood,creature,body,God,meat,flesh
difference,perception,component,relation,particular,proportion,consequence,difference,relative,complicated,objective
ratio,standard,weight,significantly,volume,ratio,index,increase,relative,proportion,rating
complain,personally,certain,consequence,serious,necessarily,acknowledge,complicated,complain,argue,because
remain,be,equally,nonetheless,contain,hold,largely,remaining,operate,remain,reach
hat,ear,chest,knee,wear,jacket,uniform,coat,tail,hat,trick
refugee,government,country,permanent,assistance,terrorist,civilian,immigration,refugee,abroad,citizen
dependent,significantly,relation,consequence,depend,responsible,relative,complicated,particular,depending,dependent
up,dirt,tent,extra,quietly,gently,up,slowly,away,forth,apart
commitment,transformation,requirement,objective,leadership,satisfaction,cooperation,progress,motivation,achievement,commitment
anger,never,repeatedly,depression,intense,because,tendency,emotion,feeling,anger,violence
job,priority,routine,definitely,everybody,money,experience,job,because,idea,prospect
acknowledge,certain,circumstance,complain,assume,acknowledge,commitment,intellectual,necessarily,knowledge,consequence
argument,sanction,perception,circumstance,motivation,argument,notion,relation,objective,theory,consequence
labor,because,collective,ultimately,financial,industrial,labor,welfare,immigration,union,expense
explore,guide,knowledge,cultural,insight,learning,incorporate,illustrate,engage,explore,discovery
competition,motivation,generation,sanction,representation,participant,achievement,cooperation,contest,competitive,competition
explode,attach,occur,strange,crash,reach,explode,break,move,surround,destroy
thanks,expect,because,nonetheless,insight,besides,definitely,surprisingly,thanks,absolutely,surprising
buck,bottle,hat,rush,catch,kick,buck,money,snap,barrel,tail
pop,bright,pop,romantic,horror,movie,snap,musical,artist,show,catch
satisfaction,representation,requirement,relation,experience,achievement,perception,commitment,motivation,objective,satisfaction
testimony,attorney,examination,suspect,testify,jury,fact,argument,circumstance,testimony,acknowledge
money,borrow,financial,pay,invest,debt,fund,money,taxpayer,expense,income
contest,independence,representation,debate,winner,contest,championship,participant,event,competition,competitive
procedure,objective,normally,circumstance,solution,requirement,procedure,examination,guideline,treatment,assessment
prime,minister,moderate,remaining,particular,prime,potential,current,majority,relative,independence
female,relative,female,characteristic,individual,adult,adolescent,whereas,child,mother,woman
uniform,coat,characteristic,background,basically,standard,jacket,normally,wear,regular,uniform
cold,slowly,painful,feeling,stomach,bottle,drink,water,wind,cold,soft
pet,choose,lover,neighbor,care,grocery,child,dog,cat,toy,pet
nod,snap,say,kick,reply,hat,pop,whisper,tone,toss,nod
corn,salt,farm,butter,meat,seed,pepper,tomato,corn,chicken,apple
advise,engage,want,assume,guideline,help,expect,advise,choose,assist,approve
beside,shore,river,ground,quietly,opposite,beside,side,surround,outside,besides
objective,component,motivation,perception,requirement,objective,effective,consequence,relation,individual,particular
technology,resource,component,effective,experiment,industrial,generation,technology,marketing,transformation,solution
characteristic,meaning,distinguish,objective,whereas,consequence,similarly,relative,component,characteristic,particular
player,pitch,game,competition,competitive,play,sport,championship,coach,participant,player
wind,river,slowly,pressure,air,ground,horizon,shore,wind,cold,water
abuse,child,justice,serious,disorder,adolescent,punishment,victim,violence,abuse,criminal
hard,intense,everyone,basically,it,hard,painful,definitely,everybody,surely,soft
remaining,increasing,largely,whereas,separate,other,majority,eventually,proportion,remain,remaining
red,pine,jacket,soft,green,gold,coat,tail,bright,gray,red
lover,never,forever,woman,mother,mystery,brother,romantic,neighbor,girl,lover
substance,relation,objective,treatment,particular,component,indication,substance,consequence,circumstance,proportion
heritage,independence,intellectual,culture,heritage,museum,cultural,original,historic,identity,artistic
rush,want,explode,kick,tomorrow,afraid,catch,move,rush,push,break
ghost,creature,lover,girl,alive,shadow,ghost,strange,horror,mystery,hunter
attorney,psychologist,testimony,jury,doctor,counselor,governor,criminal,senator,lawyer,attorney
patient,assessment,child,individual,disease,health,doctor,procedure,patient,clinical,treatment
available,complicated,requirement,effective,available,standard,incorporate,resource,contain,depending,relevant
solution,motivation,indication,component,requirement,technology,objective,effective,transformation,resolution,solution
cable,internal,solution,fiber,telephone,component,mount,standard,cable,electric,channel
suffer,consequence,expect,because,hurt,complain,painful,die,serious,occur,suffer
air,pressure,traffic,air,electric,wind,space,ground,water,missile,cable
brother,house,personally,eventually,lover,married,brother,child,neighbor,uncle,mother
economics,theory,relation,culture,cultural,industrial,university,educational,financial,economics,academic
contain,other,indication,particular,complicated,distinguish,including,component,contain,incorporate,consume
grocery,wine,busy,corn,tomato,pet,farm,drink,meat,grocery,chicken
volume,weight,proportion,standard,ratio,sample,height,significantly,component,volume,index
alive,anymore,forever,afraid,sick,die,quiet,alive,flesh,lucky,ghost
grow,operate,increasing,move,make,increase,attract,consume,reach,invest,grow
immigration,examination,transformation,indication,independence,representation,cooperation,sanction,relation,immigration,government
offense,ultimately,prospect,sanction,nonetheless,penalty,punishment,criminal,circumstance,offense,argument
water,blood,clean,substance,pressure,oil,ground,water,river,salt,air
relax,pretend,break,feeling,want,explore,drink,sit,quiet,relax,sleep
impose,commit,acknowledge,convince,dismiss,defend,sanction,argue,declare,impose,approve
fact,surprisingly,argument,surprising,basically,because,circumstance,nonetheless,merely,fact,necessarily
borrow,expect,hang,money,debt,hold,assume,choose,invest,pay,borrow
oil,barrel,corn,pressure,electric,carbon,industrial,water,butter,oil,salt
particular,objective,consequence,furthermore,complicated,relative,particular,relation,certain,individual,characteristic
dismiss,defend,convince,complain,testify,accuse,cite,argue,impose,declare,dismiss
cover,attach,incorporate,detailed,surround,separate,handle,illustrate,background,contain,cover
help,knowledge,advise,assistance,want,engage,guide,help,ability,assist,make
civil,revolution,violence,immigration,criminal,independence,citizen,justice,government,civilian,civil
bright,characteristic,soft,sharp,surprisingly,surround,red,green,gray,background,bright
not,certain,definitely,circumstance,normally,nonetheless,because,necessarily,not,never,merely
catch,push,kick,make,hold,attract,reach,fly,break,catch,hang
rapid,increase,intense,furthermore,expansion,recovery,increased,significantly,rapid,increasing,slowly
everyone,totally,it,because,everyone,surely,anyone,absolutely,definitely,everybody,personally
correct,procedure,furthermore,particular,necessarily,adequate,objective,certain,actual,relevant,correct
late,recently,retirement,largely,briefly,morning,era,eventually,late,recent,opening
beyond,certain,acknowledge,ultimately,across,nonetheless,horizon,outside,furthermore,beyond,merely
absolutely,basically,necessarily,equally,because,surely,everyone,nonetheless,absolutely,totally,definitely
experiment,particular,relation,consequence,discovery,reaction,examination,objective,motivation,transformation,experiment
versus,competitive,similarly,significantly,ratio,whereas,characteristic,relative,perception,vs,versus
literary,illustrate,culture,journal,poet,musical,academic,artistic,literary,intellectual,cultural
consequence,particular,substance,consequence,relation,circumstance,indication,proportion,reaction,perception,relative
romantic,surprisingly,literary,musical,strange,artistic,horror,lover,mystery,romantic,movie
shadow,creature,ghost,gray,forever,moon,circle,strange,horizon,bright,shadow
secret,lover,mystery,convince,destroy,identity,secret,discovery,alive,terrorist,suspect
chicken,apple,pepper,lemon,corn,egg,butter,dish,meat,tomato,chicken
poet,romantic,born,musical,uncle,professor,literary,psychologist,artistic,artist,poet
tomorrow,afraid,invite,expect,want,everybody,begin,next,morning,tomorrow,okay
carbon,substance,industrial,pressure,water,electric,component,steel,emission,fiber,carbon
my,yeah,everyone,forever,anymore,pretend,definitely,sorry,everybody,surely,my
security,assistance,cooperation,priority,government,requirement,financial,internal,immigration,safety,security
pressure,normally,constantly,proportion,depression,consequence,moderate,internal,reaction,pressure,significantly
do,okay,hate,say,expect,mean,afraid,pretend,anymore,want,do
slowly,carefully,sharp,stomach,away,constantly,quietly,slowly,rapid,gently,eventually
surround,besides,characteristic,beside,separate,ground,bright,living,outside,background,surround
yeah,pretend,hate,pretty,glad,mean,okay,hey,sorry,oh,yeah
supposed,tendency,pretend,supposed,afraid,necessarily,certain,normally,basically,want,because
across,other,industrial,and,western,including,surround,wide,outside,cross,across
age,mother,retirement,married,pregnancy,adult,height,pregnant,age,child,adolescent
sink,lock,bend,handle,bottle,mount,pipe,sink,wash,clean,water
effective,transformation,internal,motivation,requirement,potential,objective,complicated,indication,effective,solution
adequate,actual,assessment,relevant,necessarily,requirement,certain,adequate,furthermore,correct,effective
next,progress,expect,horizon,definitely,opening,begin,outside,tomorrow,next,advance
circumstance,individual,perception,sanction,circumstance,necessarily,substance,personally,consequence,punishment,particular
clean,make,gently,dirt,handle,water,sink,bright,soft,wash,clean
bombing,suspect,violence,crash,destroy,bombing,destruction,missile,explode,terrorist,civilian
salt,oil,chicken,tomato,meat,corn,lemon,salt,water,butter,pepper
peace,pray,commitment,God,satisfaction,independence,forever,justice,cooperation,restore,peace
closely,currently,whereas,closely,significantly,constantly,directly,similarly,normally,particular,carefully
artistic,culture,collective,characteristic,intellectual,painting,musical,artistic,cultural,literary,artist
industrial,revolution,component,increasing,expansion,generation,economics,sector,industrial,transformation,technology
best,expert,relevant,plenty,guide,choose,best,only,help,definitely,competitive
punishment,argument,action,consequence,circumstance,destruction,criminal,justice,sanction,punishment,violence
busy,sorry,hard,sick,quiet,okay,trouble,busy,tomorrow,lucky,worried
increased,indication,proportion,expansion,moderate,relative,reduce,significantly,increasing,increase,increased
theory,intellectual,characteristic,objective,perception,economics,experiment,theory,argument,analysis,notion
argue,impose,say,convince,complain,dismiss,assume,acknowledge,cite,argument,argue
morning,house,warning,place,outside,tomorrow,sleep,late,opening,routine,morning
depend,reduce,individual,alter,consume,choose,satisfy,certain,dependent,depending,depend
incorporate,operate,component,separate,collective,transformation,particular,contain,illustrate,incorporate,complicated
trick,it,surely,idea,pretend,trick,hat,trouble,catch,game,definitely
retirement,university,competition,immigration,achievement,assistance,independence,financial,retirement,commitment,membership
recovery,effective,expansion,depression,progress,assessment,transformation,treatment,discovery,recovery,significantly
ad,file,account,review,agenda,quote,ad,button,Internet,marketing,channel
carefully,correct,detailed,closely,detail,personally,basically,normally,carefully,gently,constantly
attach,lock,distinguish,locate,hold,incorporate,cable,contain,attach,mount,handle
sick,anymore,alive,okay,sorry,hurt,sad,sick,worried,afraid,pregnant
act,offense,punishment,declare,impose,engage,circumstance,argument,act,commit,merely
mount,surround,barrel,lock,height,cable,angle,frame,mount,handle,attach
horror,surprisingly,anger,strange,creature,emotion,romantic,mystery,horror,ghost,movie
alter,depending,illustrate,depend,alter,actual,correct,reduce,certain,incorporate,distinguish
gold,carbon,gray,stock,bright,oil,gold,red,wooden,green,steel
powerful,moderate,characteristic,basically,surprising,effective,surprisingly,complicated,intense,creature,powerful
garden,painting,beside,space,wooden,tent,green,surround,garden,house,farm
weight,ground,normally,moderate,body,proportion,substance,pressure,significantly,weight,height
totally,necessarily,personally,basically,normally,because,absolutely,definitely,totally,nonetheless,equally
outside,directly,separate,besides,opposite,beside,normally,surround,across,outside,ground
extra,regular,reduce,normally,definitely,furthermore,more,expense,plenty,extra,adequate
via,information,by,available,across,Internet,cable,channel,directly,via,telephone
clinical,effective,experiment,indication,assessment,clinical,patient,examination,analysis,educational,treatment
venture,marketing,transformation,competition,experiment,sector,cooperation,venture,invest,expansion,company
sign,assign,move,indication,declare,prospect,warning,address,acknowledge,approve,sign
debt,borrow,spending,insurance,fund,taxpayer,money,income,financial,expense,debt
lucky,sick,pretend,sad,glad,afraid,busy,lucky,worried,sorry,alive
responsible,assistance,objective,dependent,complicated,internal,relation,effective,responsible,consequence,involved
equally,because,proportion,normally,surprisingly,personally,totally,similarly,equally,basically,nonetheless
culture,perception,revolution,particular,collective,transformation,artistic,intellectual,characteristic,cultural,culture
tissue,normally,disease,treatment,wound,procedure,body,tissue,substance,blood,skin
own,ability,everyone,knowledge,collective,own,certain,actual,individual,intellectual,personally
restore,defend,help,destruction,incorporate,reduce,recovery,restore,locate,permanent,destroy
stock,fund,debt,company,index,barrel,property,invest,stock,expense,available
terrorist,destruction,suspect,victim,security,refugee,civilian,criminal,violence,terrorist,bombing
upon,acknowledge,notion,object,consequence,eventually,forth,upon,ultimately,merely,circumstance
dish,drink,wine,apple,pepper,lemon,dish,butter,chicken,tomato,meat
as,consequence,relative,personally,characteristic,whereas,equally,often,similarly,and,as
girl,victim,everybody,neighbor,cat,pregnant,mother,child,woman,lover,girl
how,carefully,ability,help,everyone,because,surely,how,it,so,definitely
government,relation,financial,country,leadership,commitment,cooperation,government,independence,sanction,immigration
Congress,agenda,resolution,leadership,independence,immigration,governor,government,Congress,sanction,senator
gray,pine,shadow,tail,bright,red,coat,green,gray,jacket,soft
painful,afraid,hard,strange,intense,stomach,serious,painful,feeling,suffer,sad
expansion,significantly,increase,increased,generation,cooperation,revolution,expansion,increasing,destruction,transformation
intense,surprising,consequence,complicated,particular,characteristic,serious,depression,moderate,emotion,intense
insight,information,learning,detail,detailed,aspect,experience,insight,discovery,knowledge,motivation
farm,shore,small,garden,house,property,farm,industrial,apartment,neighbor,corn
permanent,requirement,retirement,ultimately,regular,separate,eventually,furthermore,permanent,remaining,current
routine,pregnancy,morning,normally,definitely,regular,guideline,routine,procedure,constantly,basically
die,sick,flee,afraid,pretend,say,destroy,hurt,die,alive,suffer
knowledge,resource,objective,information,motivation,acknowledge,intellectual,insight,experience,knowledge,learning
egg,bottle,lemon,tomato,butter,meat,apple,egg,corn,chicken,dish
telephone,assistance,information,speaker,telephone,private,Internet,address,cable,directly,via
wash,water,hang,toss,coat,dirt,wrap,sink,wear,wash,clean
born,brother,lawyer,born,psychologist,professor,poet,artist,engineer,married,age
senator,speaker,spokesman,reporter,minister,governor,Congress,senator,attorney,lawyer,citizen
pregnant,worried,adolescent,woman,doctor,married,child,sick,pregnant,mother,pregnancy
collective,perception,collective,motivation,objective,particular,individual,intellectual,relation,representation,transformation
wear,borrow,pretend,face,coat,choose,wash,wear,hang,uniform,jacket
largely,basically,eventually,remaining,majority,whereas,proportion,ultimately,significantly,largely,similarly
serious,potential,particular,surprising,consequence,because,certain,seriously,complicated,serious,intense
handle,cover,complicated,assist,complain,make,hold,handle,attach,mount,operate
Internet,channel,relevant,available,cable,technology,resource,marketing,information,telephone,Internet
can,help,expect,certain,choose,necessarily,can,want,supposed,ability,normally
world,intellectual,cultural,powerful,knowledge,country,world,revolution,creature,culture,experience
airport,company,museum,shore,outside,province,rail,airport,operate,apartment,traffic
repeatedly,often,merely,briefly,seriously,personally,never,repeatedly,eventually,ultimately,constantly
place,country,because,normally,place,circumstance,part,outside,ground,house,event
occur,depending,increase,complicated,distinguish,frequent,normally,consequence,suffer,contain,occur
be,necessarily,definitely,nonetheless,assume,surely,equally,be,normally,remain,not
welfare,security,labor,priority,ethics,care,welfare,justice,safety,charity,health
health,assessment,care,financial,patient,disease,safety,clinical,welfare,health,treatment
oh,hate,my,whisper,sad,sorry,okay,hey,hi,yeah,oh
depending,significantly,certain,complicated,increasing,relative,particular,individual,dependent,depending,depend
approve,commit,advise,declare,sanction,acknowledge,impose,assessment,approve,requirement,responsible
illustrate,acknowledge,collective,artistic,explore,particular,characteristic,detailed,distinguish,incorporate,illustrate
hold,break,hang,defend,impose,move,reach,attach,handle,hold,push
frame,steel,piece,object,standard,barrel,mount,frame,height,angle,wooden
care,priority,safety,seriously,welfare,assistance,insurance,patient,care,health,treatment
tomato,seed,tomato,dish,apple,lemon,meat,chicken,pepper,butter,corn
opposite,relative,equally,similarly,side,particular,opposite,outside,whereas,characteristic,consequence
actual,basically,nonetheless,correct,relevant,particular,actual,individual,necessarily,merely,certain
complicated,significantly,component,difference,transformation,relation,consequence,internal,effective,complicated,particular
by,ultimately,via,directly,repeatedly,and,recently,by,similarly,largely,eventually
assign,assist,incorporate,individual,relevant,distinguish,choose,locate,assume,assign,approve
hang,bend,sit,fly,catch,wear,wrap,snap,pretend,hold,hang
tent,beside,frame,wooden,ground,house,tent,outside,place,garden,space
play,break,contest,competition,move,sport,championship,game,play,pitch,player
index,indication,proportion,significantly,volume,relative,ratio,rating,index,component,analysis
speaker,argument,debate,leadership,participant,senator,speaker,representation,address,telephone,expert
sorry,anymore,hate,worried,sad,afraid,pretend,glad,okay,yeah,sorry
expert,technology,guide,analysis,marketing,assessment,experience,knowledge,assistance,psychologist,expert
adolescent,pregnant,clinical,perception,child,adult,female,adolescent,pregnancy,depression,disorder
due,largely,depending,relative,reduce,increasing,increased,because,consequence,due,significantly
seed,green,egg,apple,oil,pepper,tomato,seed,grow,palm,corn
sanction,representation,consequence,immigration,government,relation,cooperation,indication,action,sanction,punishment
university,examination,elementary,achievement,professor,academic,admission,educational,economics,membership,university
locate,incorporate,reach,attract,explore,assign,locate,attach,operate,distinguish,choose
blood,chest,substance,flesh,skin,wound,stomach,water,body,blood,tissue
tribe,identity,culture,brother,desert,neighbor,province,hunter,heritage,country,tribe
generation,technology,component,motivation,revolution,cooperation,representation,indication,generation,transformation,relation
away,beside,apart,away,outside,slowly,quietly,beyond,up,forever,place
psychologist,economics,theory,clinical,lawyer,counselor,psychologist,doctor,professor,academic,expert
criminal,sanction,offense,immigration,civil,suspect,justice,punishment,violence,terrorist,criminal
relevant,necessarily,actual,correct,objective,relevant,certain,detailed,particular,information,individual
rail,operate,expansion,ground,narrow,cross,cable,airport,traffic,electric,rail
God,anyone,surely,wisdom,forever,flesh,everyone,God,peace,miracle,pray
summit,horizon,debate,tour,shore,reach,event,morning,summit,place,agenda
opening,event,ground,advance,remaining,outside,transformation,opening,expansion,appearance,competition
often,necessarily,normally,frequent,constantly,basically,often,tendency,many,equally,similarly
perception,proportion,indication,transformation,relation,representation,consequence,objective,motivation,notion,perception
identity,independence,culture,knowledge,representation,relation,objective,notion,intellectual,identity,perception
suspect,seriously,fact,victim,serious,because,complain,criminal,suspect,circumstance,terrorist
reply,correct,review,say,write,address,complain,dismiss,quote,reply,prompt
admission,assistance,educational,university,membership,academic,examination,requirement,assessment,sanction,admission
forth,beyond,slowly,furthermore,separate,gently,apart,upon,up,forth,quietly
write,make,say,explore,review,cite,quote,assign,write,literary,illustrate
coach,psychologist,sport,play,attorney,professor,championship,counselor,athletic,coach,player
snap,attach,toss,bend,lock,catch,hang,wrap,snap,kick,button
personally,seriously,because,nonetheless,equally,normally,individual,basically,necessarily,personally,particular
toy,movie,piece,hat,toy,dog,pet,wooden,bottle,girl,cat
feeling,tendency,totally,definitely,feeling,anger,surprisingly,intense,absolutely,emotion,because
green,palm,background,garden,pine,soft,green,red,bright,surround,gray
private,personally,collective,individual,financial,sector,private,insurance,separate,educational,property
review,journal,guide,information,detailed,relevant,examination,analysis,review,assessment,guideline
briefly,largely,repeatedly,late,recently,similarly,eventually,ultimately,quietly,closely,briefly
expense,satisfaction,money,taxpayer,necessarily,requirement,proportion,insurance,income,spending,expense
country,culture,sector,abroad,majority,immigration,independence,world,province,government,country
union,sanction,cooperation,leadership,Congress,government,dispute,independence,labor,membership,union
intellectual,motivation,individual,particular,knowledge,collective,intellectual,notion,relation,cultural,artistic
never,anyone,everyone,nonetheless,personally,forever,surely,definitely,never,because,not
declare,assume,commit,argue,convince,defend,impose,dismiss,acknowledge,approve,declare
progress,furthermore,difference,transformation,objective,achievement,recovery,commitment,advance,motivation,progress
dog,tail,neighbor,chicken,lover,child,girl,toy,cat,pet,dog
original,incorporate,current,separate,elementary,representation,remaining,artistic,original,similarly,characteristic
emotion,tendency,anger,reaction,feeling,notion,depression,motivation,intense,emotion,perception
action,consequence,cooperation,relation,indication,representation,transformation,motivation,sanction,reaction,action
safety,assessment,requirement,satisfaction,welfare,priority,adequate,health,guideline,security,safety
hurt,anymore,sick,die,suffer,pretend,say,afraid,hurt,worried,mean
stomach,feeling,sleep,wound,ear,stomach,body,skin,painful,blood,chest
side,angle,shore,surround,upper,narrow,outside,beside,opposite,side,ground
pray,do,forever,say,die,invite,miracle,pray,wisdom,peace,God
meat,apple,salt,egg,butter,flesh,dish,corn,tomato,chicken,meat
kick,rush,snap,play,toss,catch,push,penalty,pitch,kick,break
assume,surely,necessarily,assign,expect,mean,say,acknowledge,pretend,argue,assume
bend,sit,bend,move,angle,knee,narrow,hang,push,wrap,tail
tone,pitch,soft,gray,surprisingly,bright,characteristic,emotion,sharp,feeling,tone
sport,game,championship,competition,competitive,event,sport,player,participant,contest,athletic
quietly,never,repeatedly,gently,beside,slowly,away,quietly,quiet,everybody,whisper
moon,creature,wind,strange,ghost,circle,shadow,moon,desert,bright,horizon
seriously,ultimately,merely,basically,definitely,necessarily,nonetheless,because,personally,serious,seriously
besides,surround,particular,nonetheless,because,furthermore,whereas,basically,other,beside,besides
quarter,increased,championship,quarter,record,significantly,sector,competition,remaining,volume,expansion
advance,indication,commitment,effective,objective,furthermore,requirement,advance,transformation,progress,assistance
face,constantly,feeling,shadow,gently,wear,body,skin,because,face,chest
pepper,apple,dish,meat,salt,lemon,corn,chicken,butter,tomato,pepper
cross,surround,background,outside,western,across,narrow,cross,separate,side,ground
three,whereas,many,separate,fifty,recent,thousand,remaining,including,three,other
depression,motivation,moderate,substance,depression,tendency,perception,consequence,relative,significantly,disorder
relation,examination,consequence,particular,cooperation,motivation,transformation,relative,representation,relation,indication
artist,illustrate,engineer,psychologist,literary,musical,producer,poet,painting,artistic,artist
idea,because,absolutely,theory,aspect,feeling,basically,definitely,idea,argument,notion
jail,testify,justice,lawyer,alive,jail,criminal,penalty,suspect,victim,punishment
height,pressure,significantly,mount,characteristic,proportion,height,ground,angle,frame,weight
hey,pretend,glad,okay,sorry,yeah,hi,hey,mean,hate,oh
strip,bright,circle,uniform,ground,narrow,tail,side,cover,strip,piece
spending,recovery,increasing,financial,income,significantly,depending,remaining,invest,expense,spending
strange,feeling,normally,intense,characteristic,basically,strange,surprising,creature,surprisingly,certain
German,competition,country,remaining,immigration,independence,revolution,Irish,cooperation,German,civilian
invite,attract,tomorrow,expect,choose,convince,advise,pretend,engage,want,invite
tail,strip,red,jacket,bend,tail,sharp,gray,angle,barrel,coat
event,achievement,championship,opening,place,sport,participant,competition,event,circumstance,contest
bunch,yeah,crowd,hate,many,hang,pretend,plenty,pretty,bunch,everybody
quiet,clean,peace,feeling,strange,alive,whisper,relax,quiet,busy,quietly
guide,review,illustrate,insight,expert,assist,resource,guideline,help,detailed,guide
button,chest,object,gently,jacket,mount,button,file,lock,snap,attach
assistance,responsible,admission,requirement,assessment,commitment,information,assistance,advance,assist,cooperation
wooden,small,surround,frame,pine,barrel,beside,steel,garden,mount,wooden
aspect,knowledge,perception,objective,characteristic,particular,aspect,consequence,component,notion,circumstance
file,button,sample,assign,information,procedure,address,correct,file,account,object
lawyer,reporter,professor,criminal,citizen,psychologist,senator,counselor,attorney,lawyer,doctor
view,knowledge,representation,detailed,notion,aspect,background,illustrate,insight,perception,view
sharp,tail,characteristic,intense,surprising,angle,soft,bright,narrow,surprisingly,sharp
mother,personally,neighbor,child,uncle,girl,woman,lover,mother,pregnant,brother
Mrs,doctor,uncle,victim,Mrs,mother,woman,lawyer,sorry,girl,married
fund,retirement,insurance,debt,charity,fund,financial,taxpayer,income,money,invest
child,brother,pregnant,girl,patient,adult,pregnancy,mother,woman,adolescent,child
treatment,recovery,indication,procedure,examination,clinical,treatment,substance,patient,assessment,effective
toss,push,bend,sink,kick,wrap,sit,wash,toss,hang,snap
movie,ghost,mystery,musical,movie,romantic,show,game,horror,cast,theater
apple,bottle,lemon,corn,butter,pepper,wine,apple,tomato,meat,chicken
vessel,motor,ground,river,eventually,furthermore,channel,water,vessel,shore,missile
river,side,surround,narrow,beside,ground,desert,western,river,water,shore
competitive,complicated,marketing,competitive,current,significantly,participant,competition,objective,particular,effective
shore,water,beside,western,wind,horizon,side,ground,vessel,river,shore
counselor,admission,academic,university,expert,assistance,attorney,psychologist,lawyer,counselor,doctor
horizon,narrow,ground,wind,bright,horizon,shore,moon,beyond,angle,shadow
elite,competition,world,leadership,powerful,intellectual,athletic,competitive,wealthy,elite,sport
say,do,afraid,hurt,pretend,expect,worried,assume,mean,say,argue
victim,identity,mother,violence,terrorist,criminal,child,suspect,abuse,woman,victim
testify,convince,commit,acknowledge,argue,complain,approve,testify,declare,testimony,dismiss
adult,girl,woman,pregnant,pregnancy,individual,age,adult,female,child,adolescent
more,consume,significantly,nonetheless,complicated,other,than,surprisingly,more,furthermore,equally
justice,civil,sanction,welfare,immigration,peace,commitment,violence,justice,punishment,criminal
Irish,immigration,country,literary,independence,charity,poet,German,Irish,union,heritage
fiber,pipe,tissue,component,soft,weight,steel,frame,cable,fiber,carbon
civilian,citizen,destruction,security,criminal,remaining,government,country,terrorist,civil,civilian
